Client_name,Client_code,Primary_job_code,Primary_Group,Notes
Client 1,AA1,BB1,GRPA
Client 2,AA2,BB2,"GRPA |GRPB|GRPC|GRPX",ABCD
Client 3,AA3,BB3,GRPA
Client 4,AA4,BB4,GRPA
Client 5,AA5,BB5,GRPW
Client 6,AA6,BB6,GRPT
Client 7,AA7,BB7,GRPA
Client 8,AA8,BB8,GRPD
Client 9,AA9,BB9,GRPA
Client 10,AA10,BB10,GRPA
Client 11,AA11,BB11,GRPB
Client 12,AA12,BB12,GRPA
Client 13,AA13,BB13,GRPT
Client 14,AA14,BB14,GRPX
Client 15,AA15,BB15,GRPA
Client 16,AA16,BB16,WCW
Client 17,AA17,BB17,GRPA
Client 18,AA18,BB18,GRPA
Client 19,AA19,BB19,GRPA
Client 20,AA20,BB20,GRPT
Client 21,AA21,BB21,GRPA
Client 22,AA22,BB22,GRPA
Client 23,AA23,BB23,GRPA
